"Testime","NailPostition","Curr","BTV","Power","ChgQ","DchgQ","ChgE","DchgE","AuxV1","AuxV2","AuxV3","AuxV4","NTC1","NTC2","NTC3","NTC4","TJ1","TJ2","TJ3","TJ4","TJ5","TJ6","TJ7","TJ8","Force"
"238","-5001","1613","3835","0","0","0","0","0","3835","0","0","0","-310","0","0","0","261","265","0","0","0","0","0","0","0"
"1238","-3913","1625","3835","0","0","0","0","0","3835","0","0","0","-310","0","0","0","263","261","0","0","0","0","0","0","0"
"2238","-2465","1453","3835","0","0","0","0","0","3835","0","0","0","-310","0","0","0","265","265","0","0","0","0","0","0","0"
"3238","-1038","1290","3835","0","0","0","0","0","3835","0","0","0","-310","0","0","0","261","265","0","0","0","0","0","0","0"
"4238","376","1114","317","0","0","0","0","0","317","0","0","0","-310","0","0","0","263","265","0","0","0","0","0","0","571"
"5238","994","224","208","0","0","0","0","0","208","0","0","0","-310","0","0","0","298","275","0","0","0","0","0","0","1475"
"6238","994","42","170","0","0","0","0","0","170","0","0","0","-310","0","0","0","326","284","0","0","0","0","0","0","1404"
"7238","994","30","145","0","0","0","0","0","145","0","0","0","-310","0","0","0","338","301","0","0","0","0","0","0","1367"
"8238","994","48","131","0","0","0","0","0","131","0","0","0","-310","0","0","0","353","317","0","0","0","0","0","0","1340"
"9235","994","1404","124","0","0","0","0","0","124","0","0","0","-310","0","0","0","365","330","0","0","0","0","0","0","1319"
"10238","994","157","118","0","0","0","0","0","118","0","0","0","-310","0","0","0","375","344","0","0","0","0","0","0","1302"
"11239","994","1084","116","0","0","0","0","0","116","0","0","0","-310","0","0","0","390","359","0","0","0","0","0","0","1287"
"12238","994","1040","99","0","0","0","0","0","99","0","0","0","-310","0","0","0","398","369","0","0","0","0","0","0","1273"
"13238","994","1614","95","0","0","0","0","0","95","0","0","0","-310","0","0","0","411","380","0","0","0","0","0","0","1260"
"14238","994","1744","93","0","0","0","0","0","93","0","0","0","-310","0","0","0","424","396","0","0","0","0","0","0","1248"
"15261","995","1368","93","0","0","0","0","0","93","0","0","0","-310","0","0","0","432","409","0","0","0","0","0","0","1235"
"16238","995","2429","92","0","0","0","0","0","92","0","0","0","-310","0","0","0","445","420","0","0","0","0","0","0","1225"
"17261","995","1779","92","0","0","0","0","0","92","0","0","0","-310","0","0","0","454","430","0","0","0","0","0","0","1211"
"18238","995","90","93","0","0","0","0","0","93","0","0","0","-310","0","0","0","469","437","0","0","0","0","0","0","1199"
"19238","995","306","93","0","0","0","0","0","93","0","0","0","-310","0","0","0","481","452","0","0","0","0","0","0","1184"
"20238","995","108","94","0","0","0","0","0","94","0","0","0","-310","0","0","0","490","464","0","0","0","0","0","0","1169"
"21245","995","34","94","0","0","0","0","0","94","0","0","0","-310","0","0","0","500","471","0","0","0","0","0","0","1154"
"22238","995","998","95","0","0","0","0","0","95","0","0","0","-310","0","0","0","511","484","0","0","0","0","0","0","1139"
"23238","995","496","96","0","0","0","0","0","96","0","0","0","-310","0","0","0","524","488","0","0","0","0","0","0","1124"
"24238","995","458","85","0","0","0","0","0","85","0","0","0","-310","0","0","0","533","500","0","0","0","0","0","0","1109"
"25238","995","1173","84","0","0","0","0","0","84","0","0","0","-310","0","0","0","545","513","0","0","0","0","0","0","1094"
"26238","995","1567","84","0","0","0","0","0","84","0","0","0","-310","0","0","0","560","524","0","0","0","0","0","0","1082"
"27238","995","490","84","0","0","0","0","0","84","0","0","0","-310","0","0","0","571","530","0","0","0","0","0","0","1067"
"28238","995","1877","86","0","0","0","0","0","86","0","0","0","-310","0","0","0","586","543","0","0","0","0","0","0","1052"
"29238","995","302","86","0","0","0","0","0","86","0","0","0","-310","0","0","0","596","549","0","0","0","0","0","0","1039"
"30238","995","187","88","0","0","0","0","0","88","0","0","0","-310","0","0","0","609","558","0","0","0","0","0","0","1025"
"31238","995","1653","89","0","0","0","0","0","89","0","0","0","-310","0","0","0","622","562","0","0","0","0","0","0","1012"
"32261","995","27","90","0","0","0","0","0","90","0","0","0","-310","0","0","0","633","573","0","0","0","0","0","0","997"
"33238","995","1193","92","0","0","0","0","0","92","0","0","0","-310","0","0","0","639","583","0","0","0","0","0","0","986"
"34238","995","32","94","0","0","0","0","0","94","0","0","0","-310","0","0","0","656","590","0","0","0","0","0","0","973"
"35238","995","26","96","0","0","0","0","0","96","0","0","0","-310","0","0","0","667","600","0","0","0","0","0","0","959"
"36238","995","42","98","0","0","0","0","0","98","0","0","0","-310","0","0","0","669","611","0","0","0","0","0","0","945"
"37238","995","186","100","0","0","0","0","0","100","0","0","0","-310","0","0","0","681","618","0","0","0","0","0","0","932"
"38238","995","51","102","0","0","0","0","0","102","0","0","0","-310","0","0","0","692","622","0","0","0","0","0","0","919"
"39261","995","30","103","0","0","0","0","0","103","0","0","0","-310","0","0","0","705","632","0","0","0","0","0","0","904"
"40238","995","219","105","0","0","0","0","0","105","0","0","0","-310","0","0","0","715","639","0","0","0","0","0","0","895"
"41238","995","136","104","0","0","0","0","0","104","0","0","0","-310","0","0","0","722","645","0","0","0","0","0","0","882"
"42238","995","223","106","0","0","0","0","0","106","0","0","0","-310","0","0","0","730","656","0","0","0","0","0","0","868"
"43238","995","2329","106","0","0","0","0","0","106","0","0","0","-310","0","0","0","735","666","0","0","0","0","0","0","854"
"44238","995","30","110","0","0","0","0","0","110","0","0","0","-310","0","0","0","722","677","0","0","0","0","0","0","839"
"45238","995","23","115","0","0","0","0","0","115","0","0","0","-310","0","0","0","726","684","0","0","0","0","0","0","824"
"46238","995","1665","117","0","0","0","0","0","117","0","0","0","-310","0","0","0","733","690","0","0","0","0","0","0","808"
"47238","995","1608","122","0","0","0","0","0","122","0","0","0","-310","0","0","0","750","698","0","0","0","0","0","0","791"
"48238","995","1548","124","0","0","0","0","0","124","0","0","0","-310","0","0","0","754","705","0","0","0","0","0","0","775"
"49238","995","1613","130","0","0","0","0","0","130","0","0","0","-310","0","0","0","764","718","0","0","0","0","0","0","756"
"50238","995","189","132","0","0","0","0","0","132","0","0","0","-310","0","0","0","769","724","0","0","0","0","0","0","736"
"51238","995","66","135","0","0","0","0","0","135","0","0","0","-310","0","0","0","783","733","0","0","0","0","0","0","715"
"52238","995","1707","137","0","0","0","0","0","137","0","0","0","-310","0","0","0","794","745","0","0","0","0","0","0","694"
"53238","995","557","137","0","0","0","0","0","137","0","0","0","-310","0","0","0","805","750","0","0","0","0","0","0","672"
"54238","995","337","142","0","0","0","0","0","142","0","0","0","-310","0","0","0","815","760","0","0","0","0","0","0","649"
"55261","995","2402","147","0","0","0","0","0","147","0","0","0","-310","0","0","0","828","771","0","0","0","0","0","0","623"
"56238","995","1536","150","0","0","0","0","0","150","0","0","0","-310","0","0","0","841","779","0","0","0","0","0","0","602"
"57238","995","240","151","0","0","0","0","0","151","0","0","0","-310","0","0","0","850","786","0","0","0","0","0","0","580"
"58238","995","1965","154","0","0","0","0","0","154","0","0","0","-310","0","0","0","866","796","0","0","0","0","0","0","557"
"59238","995","1516","157","0","0","0","0","0","157","0","0","0","-310","0","0","0","871","805","0","0","0","0","0","0","533"
"60238","995","90","158","0","0","0","0","0","158","0","0","0","-310","0","0","0","879","813","0","0","0","0","0","0","509"
"61238","995","1527","155","0","0","0","0","0","155","0","0","0","-310","0","0","0","884","822","0","0","0","0","0","0","481"
"62238","996","524","149","0","0","0","0","0","149","0","0","0","-310","0","0","0","898","830","0","0","0","0","0","0","453"
"63238","996","142","140","0","0","0","0","0","140","0","0","0","-310","0","0","0","911","839","0","0","0","0","0","0","426"
"64238","996","2187","136","0","0","0","0","0","136","0","0","0","-310","0","0","0","916","850","0","0","0","0","0","0","403"
"65238","996","25","130","0","0","0","0","0","130","0","0","0","-310","0","0","0","920","862","0","0","0","0","0","0","383"
"66238","996","42","125","0","0","0","0","0","125","0","0","0","-310","0","0","0","928","873","0","0","0","0","0","0","365"
"67238","996","31","118","0","0","0","0","0","118","0","0","0","-310","0","0","0","943","881","0","0","0","0","0","0","350"
"68238","996","59","113","0","0","0","0","0","113","0","0","0","-310","0","0","0","952","896","0","0","0","0","0","0","337"
"69238","996","474","108","0","0","0","0","0","108","0","0","0","-310","0","0","0","964","907","0","0","0","0","0","0","326"
"70238","996","2119","104","0","0","0","0","0","104","0","0","0","-310","0","0","0","971","916","0","0","0","0","0","0","315"
"71238","996","137","99","0","0","0","0","0","99","0","0","0","-310","0","0","0","984","928","0","0","0","0","0","0","305"
"72238","996","1671","95","0","0","0","0","0","95","0","0","0","-310","0","0","0","992","937","0","0","0","0","0","0","297"
"73238","996","1158","92","0","0","0","0","0","92","0","0","0","-310","0","0","0","1001","947","0","0","0","0","0","0","289"
"74238","996","989","88","0","0","0","0","0","88","0","0","0","-310","0","0","0","1011","956","0","0","0","0","0","0","281"
"75238","996","1558","86","0","0","0","0","0","86","0","0","0","-310","0","0","0","1020","966","0","0","0","0","0","0","275"
"76238","996","32","82","0","0","0","0","0","82","0","0","0","-310","0","0","0","1024","975","0","0","0","0","0","0","269"
"77238","996","1358","79","0","0","0","0","0","79","0","0","0","-310","0","0","0","1032","979","0","0","0","0","0","0","264"
"78238","996","33","75","0","0","0","0","0","75","0","0","0","-310","0","0","0","1040","996","0","0","0","0","0","0","260"
"79238","996","24","73","0","0","0","0","0","73","0","0","0","-310","0","0","0","1047","998","0","0","0","0","0","0","257"
"80238","996","1629","71","0","0","0","0","0","71","0","0","0","-310","0","0","0","1047","1005","0","0","0","0","0","0","254"
"81238","996","916","70","0","0","0","0","0","70","0","0","0","-310","0","0","0","1049","1015","0","0","0","0","0","0","251"
"82238","996","160","69","0","0","0","0","0","69","0","0","0","-310","0","0","0","1049","1019","0","0","0","0","0","0","249"
"83238","996","148","68","0","0","0","0","0","68","0","0","0","-310","0","0","0","1055","1024","0","0","0","0","0","0","247"
"84238","996","428","66","0","0","0","0","0","66","0","0","0","-310","0","0","0","1055","1030","0","0","0","0","0","0","245"
"85238","996","24","64","0","0","0","0","0","64","0","0","0","-310","0","0","0","1059","1036","0","0","0","0","0","0","243"
"86238","996","1599","63","0","0","0","0","0","63","0","0","0","-310","0","0","0","1062","1040","0","0","0","0","0","0","242"
"87238","996","120","61","0","0","0","0","0","61","0","0","0","-310","0","0","0","1066","1041","0","0","0","0","0","0","241"
"88238","996","103","61","0","0","0","0","0","61","0","0","0","-310","0","0","0","1064","1049","0","0","0","0","0","0","240"
"89261","996","1599","60","0","0","0","0","0","60","0","0","0","-310","0","0","0","1059","1053","0","0","0","0","0","0","239"
"90238","996","1198","59","0","0","0","0","0","59","0","0","0","-310","0","0","0","1062","1053","0","0","0","0","0","0","239"
"91238","996","954","57","0","0","0","0","0","57","0","0","0","-310","0","0","0","1064","1057","0","0","0","0","0","0","239"
"92238","996","1625","57","0","0","0","0","0","57","0","0","0","-310","0","0","0","1060","1060","0","0","0","0","0","0","239"
"93238","996","592","56","0","0","0","0","0","56","0","0","0","-310","0","0","0","1064","1064","0","0","0","0","0","0","238"
"94238","996","1871","55","0","0","0","0","0","55","0","0","0","-310","0","0","0","1066","1068","0","0","0","0","0","0","238"
"95238","996","2322","54","0","0","0","0","0","54","0","0","0","-310","0","0","0","1068","1072","0","0","0","0","0","0","239"
"96261","996","28","54","0","0","0","0","0","54","0","0","0","-310","0","0","0","1070","1072","0","0","0","0","0","0","239"
"97238","996","198","53","0","0","0","0","0","53","0","0","0","-310","0","0","0","1068","1076","0","0","0","0","0","0","112"
"98238","996","1603","52","0","0","0","0","0","52","0","0","0","-310","0","0","0","1072","1076","0","0","0","0","0","0","174"
"99238","996","51","52","0","0","0","0","0","52","0","0","0","-310","0","0","0","1070","1076","0","0","0","0","0","0","238"
"100238","996","2378","51","0","0","0","0","0","51","0","0","0","-310","0","0","0","1066","1080","0","0","0","0","0","0","238"
"101238","996","2213","51","0","0","0","0","0","51","0","0","0","-310","0","0","0","1072","1080","0","0","0","0","0","0","239"
"102238","996","1590","50","0","0","0","0","0","50","0","0","0","-310","0","0","0","1068","1085","0","0","0","0","0","0","239"
"103238","996","93","50","0","0","0","0","0","50","0","0","0","-310","0","0","0","1068","1083","0","0","0","0","0","0","239"
"104238","996","1469","49","0","0","0","0","0","49","0","0","0","-310","0","0","0","1068","1087","0","0","0","0","0","0","239"
"105245","996","1499","49","0","0","0","0","0","49","0","0","0","-310","0","0","0","1072","1085","0","0","0","0","0","0","239"
"106235","996","2477","48","0","0","0","0","0","48","0","0","0","-310","0","0","0","1068","1085","0","0","0","0","0","0","240"
"107238","996","1137","48","0","0","0","0","0","48","0","0","0","-310","0","0","0","1070","1087","0","0","0","0","0","0","239"
"108261","996","2021","48","0","0","0","0","0","48","0","0","0","-310","0","0","0","1068","1089","0","0","0","0","0","0","239"
"109238","996","50","47","0","0","0","0","0","47","0","0","0","-310","0","0","0","1072","1089","0","0","0","0","0","0","240"
"110238","996","1463","47","0","0","0","0","0","47","0","0","0","-310","0","0","0","1072","1093","0","0","0","0","0","0","240"
"111238","996","109","46","0","0","0","0","0","46","0","0","0","-310","0","0","0","1072","1089","0","0","0","0","0","0","241"
"112235","996","153","46","0","0","0","0","0","46","0","0","0","-310","0","0","0","1068","1089","0","0","0","0","0","0","240"
"113238","996","376","46","0","0","0","0","0","46","0","0","0","-310","0","0","0","1072","1095","0","0","0","0","0","0","241"
"114238","996","67","45","0","0","0","0","0","45","0","0","0","-310","0","0","0","1068","1097","0","0","0","0","0","0","242"
"115238","996","26","45","0","0","0","0","0","45","0","0","0","-310","0","0","0","1066","1093","0","0","0","0","0","0","242"
"116238","996","136","45","0","0","0","0","0","45","0","0","0","-310","0","0","0","1072","1093","0","0","0","0","0","0","243"
"117238","996","53","44","0","0","0","0","0","44","0","0","0","-310","0","0","0","1068","1095","0","0","0","0","0","0","243"
"118238","996","34","44","0","0","0","0","0","44","0","0","0","-310","0","0","0","1070","1097","0","0","0","0","0","0","243"
"119238","996","2215","44","0","0","0","0","0","44","0","0","0","-310","0","0","0","1070","1095","0","0","0","0","0","0","244"
"120238","996","669","43","0","0","0","0","0","43","0","0","0","-310","0","0","0","1076","1095","0","0","0","0","0","0","244"
"121238","996","1579","43","0","0","0","0","0","43","0","0","0","-310","0","0","0","1074","1095","0","0","0","0","0","0","245"
"122238","996","2429","43","0","0","0","0","0","43","0","0","0","-310","0","0","0","1074","1099","0","0","0","0","0","0","246"
"123238","996","112","42","0","0","0","0","0","42","0","0","0","-310","0","0","0","1072","1097","0","0","0","0","0","0","246"
"124238","996","54","42","0","0","0","0","0","42","0","0","0","-310","0","0","0","1072","1097","0","0","0","0","0","0","246"
"125238","996","26","42","0","0","0","0","0","42","0","0","0","-310","0","0","0","1072","1097","0","0","0","0","0","0","247"
"126238","996","589","41","0","0","0","0","0","41","0","0","0","-310","0","0","0","1068","1099","0","0","0","0","0","0","248"
"127238","996","35","41","0","0","0","0","0","41","0","0","0","-310","0","0","0","1072","1100","0","0","0","0","0","0","247"
"128261","996","113","41","0","0","0","0","0","41","0","0","0","-310","0","0","0","1072","1099","0","0","0","0","0","0","248"
"129238","996","168","41","0","0","0","0","0","41","0","0","0","-310","0","0","0","1072","1100","0","0","0","0","0","0","248"
"130238","996","1203","40","0","0","0","0","0","40","0","0","0","-310","0","0","0","1072","1102","0","0","0","0","0","0","248"
"131238","996","45","40","0","0","0","0","0","40","0","0","0","-310","0","0","0","1072","1102","0","0","0","0","0","0","248"
"132238","996","1206","40","0","0","0","0","0","40","0","0","0","-310","0","0","0","1070","1104","0","0","0","0","0","0","249"
"133238","996","1688","40","0","0","0","0","0","40","0","0","0","-310","0","0","0","1072","1102","0","0","0","0","0","0","249"
"134238","996","1233","39","0","0","0","0","0","39","0","0","0","-310","0","0","0","1068","1104","0","0","0","0","0","0","249"
"135238","996","1346","39","0","0","0","0","0","39","0","0","0","-310","0","0","0","1070","1102","0","0","0","0","0","0","249"
"136238","996","813","39","0","0","0","0","0","39","0","0","0","-310","0","0","0","1070","1100","0","0","0","0","0","0","250"
"137238","996","2128","39","0","0","0","0","0","39","0","0","0","-310","0","0","0","1068","1104","0","0","0","0","0","0","250"
"138238","996","947","38","0","0","0","0","0","38","0","0","0","-310","0","0","0","1072","1104","0","0","0","0","0","0","250"
"139238","996","704","38","0","0","0","0","0","38","0","0","0","-310","0","0","0","1072","1100","0","0","0","0","0","0","250"
"140238","996","2421","38","0","0","0","0","0","38","0","0","0","-310","0","0","0","1072","1100","0","0","0","0","0","0","251"
"141261","996","1019","37","0","0","0","0","0","37","0","0","0","-310","0","0","0","1070","1104","0","0","0","0","0","0","251"
"142238","996","46","37","0","0","0","0","0","37","0","0","0","-310","0","0","0","1068","1102","0","0","0","0","0","0","251"
"143238","996","1691","37","0","0","0","0","0","37","0","0","0","-310","0","0","0","1074","1099","0","0","0","0","0","0","251"
"144238","996","1298","37","0","0","0","0","0","37","0","0","0","-310","0","0","0","1070","1099","0","0","0","0","0","0","252"
"145238","996","2263","37","0","0","0","0","0","37","0","0","0","-310","0","0","0","1070","1102","0","0","0","0","0","0","252"
"146238","996","48","37","0","0","0","0","0","37","0","0","0","-310","0","0","0","1068","1100","0","0","0","0","0","0","252"
"147238","996","2179","37","0","0","0","0","0","37","0","0","0","-310","0","0","0","1072","1100","0","0","0","0","0","0","252"
"148238","996","747","37","0","0","0","0","0","37","0","0","0","-310","0","0","0","1066","1100","0","0","0","0","0","0","253"
"149238","996","1563","36","0","0","0","0","0","36","0","0","0","-310","0","0","0","1070","1100","0","0","0","0","0","0","253"
"150238","996","1292","36","0","0","0","0","0","36","0","0","0","-310","0","0","0","1068","1099","0","0","0","0","0","0","253"
"151238","996","181","36","0","0","0","0","0","36","0","0","0","-310","0","0","0","1068","1102","0","0","0","0","0","0","253"
"152238","996","1635","36","0","0","0","0","0","36","0","0","0","-310","0","0","0","1068","1097","0","0","0","0","0","0","254"
"153238","996","61","36","0","0","0","0","0","36","0","0","0","-310","0","0","0","1070","1095","0","0","0","0","0","0","254"
"154238","996","34","36","0","0","0","0","0","36","0","0","0","-310","0","0","0","1068","1100","0","0","0","0","0","0","254"
"155238","996","329","35","0","0","0","0","0","35","0","0","0","-310","0","0","0","1068","1099","0","0","0","0","0","0","254"
"156238","996","1861","35","0","0","0","0","0","35","0","0","0","-310","0","0","0","1070","1099","0","0","0","0","0","0","254"
"157261","996","1624","35","0","0","0","0","0","35","0","0","0","-310","0","0","0","1070","1097","0","0","0","0","0","0","255"
"158238","996","386","35","0","0","0","0","0","35","0","0","0","-310","0","0","0","1072","1099","0","0","0","0","0","0","255"
"159238","996","1173","35","0","0","0","0","0","35","0","0","0","-310","0","0","0","1070","1099","0","0","0","0","0","0","255"
"160238","996","1277","34","0","0","0","0","0","34","0","0","0","-310","0","0","0","1070","1100","0","0","0","0","0","0","255"
"161238","996","1654","34","0","0","0","0","0","34","0","0","0","-310","0","0","0","1068","1100","0","0","0","0","0","0","255"
"162238","996","1817","34","0","0","0","0","0","34","0","0","0","-310","0","0","0","1070","1100","0","0","0","0","0","0","255"
"163238","996","318","34","0","0","0","0","0","34","0","0","0","-310","0","0","0","1066","1102","0","0","0","0","0","0","255"
"164238","996","86","34","0","0","0","0","0","34","0","0","0","-310","0","0","0","1068","1104","0","0","0","0","0","0","256"
"165261","996","1671","34","0","0","0","0","0","34","0","0","0","-310","0","0","0","1066","1099","0","0","0","0","0","0","256"
"166238","996","1253","34","0","0","0","0","0","34","0","0","0","-310","0","0","0","1068","1097","0","0","0","0","0","0","256"
"167238","996","1762","34","0","0","0","0","0","34","0","0","0","-310","0","0","0","1066","1099","0","0","0","0","0","0","256"
"168238","996","2362","33","0","0","0","0","0","33","0","0","0","-310","0","0","0","1064","1100","0","0","0","0","0","0","256"
"169238","996","303","33","0","0","0","0","0","33","0","0","0","-310","0","0","0","1064","1099","0","0","0","0","0","0","256"
"170238","996","1282","33","0","0","0","0","0","33","0","0","0","-310","0","0","0","1068","1097","0","0","0","0","0","0","256"
"171261","996","181","33","0","0","0","0","0","33","0","0","0","-310","0","0","0","1066","1097","0","0","0","0","0","0","257"
"172238","996","857","33","0","0","0","0","0","33","0","0","0","-310","0","0","0","1068","1095","0","0","0","0","0","0","257"
"173238","996","1021","32","0","0","0","0","0","32","0","0","0","-310","0","0","0","1066","1095","0","0","0","0","0","0","257"
"174238","996","23","32","0","0","0","0","0","32","0","0","0","-310","0","0","0","1068","1095","0","0","0","0","0","0","257"
"175238","996","338","32","0","0","0","0","0","32","0","0","0","-310","0","0","0","1066","1097","0","0","0","0","0","0","257"
"176238","996","21","32","0","0","0","0","0","32","0","0","0","-310","0","0","0","1064","1097","0","0","0","0","0","0","257"
"177238","996","2178","32","0","0","0","0","0","32","0","0","0","-310","0","0","0","1064","1095","0","0","0","0","0","0","257"
"178261","996","1546","31","0","0","0","0","0","31","0","0","0","-310","0","0","0","1070","1093","0","0","0","0","0","0","257"
"179238","996","1756","31","0","0","0","0","0","31","0","0","0","-310","0","0","0","1064","1095","0","0","0","0","0","0","257"
"180238","996","49","31","0","0","0","0","0","31","0","0","0","-310","0","0","0","1060","1095","0","0","0","0","0","0","257"
"181238","996","700","31","0","0","0","0","0","31","0","0","0","-310","0","0","0","1064","1095","0","0","0","0","0","0","257"
"182261","996","33","31","0","0","0","0","0","31","0","0","0","-310","0","0","0","1064","1095","0","0","0","0","0","0","257"
"183238","996","2315","30","0","0","0","0","0","30","0","0","0","-310","0","0","0","1062","1091","0","0","0","0","0","0","257"
"184238","996","1414","30","0","0","0","0","0","30","0","0","0","-310","0","0","0","1066","1091","0","0","0","0","0","0","257"
"185261","996","70","30","0","0","0","0","0","30","0","0","0","-310","0","0","0","1062","1093","0","0","0","0","0","0","258"
"186238","996","1003","30","0","0","0","0","0","30","0","0","0","-310","0","0","0","1064","1091","0","0","0","0","0","0","257"
"187238","996","751","30","0","0","0","0","0","30","0","0","0","-310","0","0","0","1066","1091","0","0","0","0","0","0","257"
"188238","996","50","29","0","0","0","0","0","29","0","0","0","-310","0","0","0","1064","1093","0","0","0","0","0","0","257"
"189238","996","57","29","0","0","0","0","0","29","0","0","0","-310","0","0","0","1064","1091","0","0","0","0","0","0","257"
"190245","996","1089","29","0","0","0","0","0","29","0","0","0","-310","0","0","0","1064","1095","0","0","0","0","0","0","257"
"191238","996","81","29","0","0","0","0","0","29","0","0","0","-310","0","0","0","1066","1091","0","0","0","0","0","0","257"
"192238","996","1090","29","0","0","0","0","0","29","0","0","0","-310","0","0","0","1062","1087","0","0","0","0","0","0","258"
"193238","996","1265","29","0","0","0","0","0","29","0","0","0","-310","0","0","0","1062","1091","0","0","0","0","0","0","257"
"194238","996","26","28","0","0","0","0","0","28","0","0","0","-310","0","0","0","1062","1087","0","0","0","0","0","0","258"
"195235","996","452","28","0","0","0","0","0","28","0","0","0","-310","0","0","0","1064","1089","0","0","0","0","0","0","258"
"196238","996","346","28","0","0","0","0","0","28","0","0","0","-310","0","0","0","1062","1089","0","0","0","0","0","0","258"
"197238","996","2377","28","0","0","0","0","0","28","0","0","0","-310","0","0","0","1064","1087","0","0","0","0","0","0","258"
"198238","996","59","27","0","0","0","0","0","27","0","0","0","-310","0","0","0","1060","1085","0","0","0","0","0","0","258"
"199238","996","463","27","0","0","0","0","0","27","0","0","0","-310","0","0","0","1059","1085","0","0","0","0","0","0","258"
"200238","996","2254","27","0","0","0","0","0","27","0","0","0","-310","0","0","0","1059","1089","0","0","0","0","0","0","258"
"201238","996","426","27","0","0","0","0","0","27","0","0","0","-310","0","0","0","1062","1087","0","0","0","0","0","0","258"
"202238","996","522","27","0","0","0","0","0","27","0","0","0","-310","0","0","0","1060","1085","0","0","0","0","0","0","257"
"203238","996","51","26","0","0","0","0","0","26","0","0","0","-310","0","0","0","1059","1080","0","0","0","0","0","0","258"
"204238","996","2225","26","0","0","0","0","0","26","0","0","0","-310","0","0","0","1060","1085","0","0","0","0","0","0","258"
"205238","996","694","26","0","0","0","0","0","26","0","0","0","-310","0","0","0","1060","1080","0","0","0","0","0","0","257"
"206238","996","340","26","0","0","0","0","0","26","0","0","0","-310","0","0","0","1057","1083","0","0","0","0","0","0","258"
"207238","996","95","25","0","0","0","0","0","25","0","0","0","-310","0","0","0","1055","1081","0","0","0","0","0","0","258"
"208238","996","1756","25","0","0","0","0","0","25","0","0","0","-310","0","0","0","1059","1078","0","0","0","0","0","0","258"
"209238","996","2546","25","0","0","0","0","0","25","0","0","0","-310","0","0","0","1057","1080","0","0","0","0","0","0","258"
"210238","996","2019","25","0","0","0","0","0","25","0","0","0","-310","0","0","0","1057","1080","0","0","0","0","0","0","258"
"211238","996","146","24","0","0","0","0","0","24","0","0","0","-310","0","0","0","1059","1081","0","0","0","0","0","0","259"
"212238","996","2148","24","0","0","0","0","0","24","0","0","0","-310","0","0","0","1057","1074","0","0","0","0","0","0","258"
"213238","996","1869","24","0","0","0","0","0","24","0","0","0","-310","0","0","0","1053","1078","0","0","0","0","0","0","258"
"214238","996","2399","24","0","0","0","0","0","24","0","0","0","-310","0","0","0","1055","1078","0","0","0","0","0","0","258"
"215238","996","890","23","0","0","0","0","0","23","0","0","0","-310","0","0","0","1055","1078","0","0","0","0","0","0","258"
"216238","996","374","23","0","0","0","0","0","23","0","0","0","-310","0","0","0","1055","1078","0","0","0","0","0","0","258"
"217238","996","21","23","0","0","0","0","0","23","0","0","0","-310","0","0","0","1057","1074","0","0","0","0","0","0","258"
"218238","996","2240","23","0","0","0","0","0","23","0","0","0","-310","0","0","0","1053","1074","0","0","0","0","0","0","258"
"219238","996","567","23","0","0","0","0","0","23","0","0","0","-310","0","0","0","1055","1070","0","0","0","0","0","0","259"
"220238","996","75","22","0","0","0","0","0","22","0","0","0","-310","0","0","0","1053","1068","0","0","0","0","0","0","259"
"221238","996","218","22","0","0","0","0","0","22","0","0","0","-310","0","0","0","1051","1074","0","0","0","0","0","0","259"
"222238","996","126","22","0","0","0","0","0","22","0","0","0","-310","0","0","0","1051","1070","0","0","0","0","0","0","258"
"223261","996","2049","22","0","0","0","0","0","22","0","0","0","-310","0","0","0","1051","1068","0","0","0","0","0","0","258"
"224238","996","52","21","0","0","0","0","0","21","0","0","0","-310","0","0","0","1051","1070","0","0","0","0","0","0","258"
"225238","996","147","21","0","0","0","0","0","21","0","0","0","-310","0","0","0","1051","1066","0","0","0","0","0","0","258"
"226238","996","526","21","0","0","0","0","0","21","0","0","0","-310","0","0","0","1049","1068","0","0","0","0","0","0","258"
"227261","996","2160","21","0","0","0","0","0","21","0","0","0","-310","0","0","0","1047","1068","0","0","0","0","0","0","258"
"228238","996","2240","21","0","0","0","0","0","21","0","0","0","-310","0","0","0","1051","1064","0","0","0","0","0","0","258"
"229238","996","83","20","0","0","0","0","0","20","0","0","0","-310","0","0","0","1045","1066","0","0","0","0","0","0","258"
"230238","996","2074","20","0","0","0","0","0","20","0","0","0","-310","0","0","0","1045","1064","0","0","0","0","0","0","258"
"231238","996","165","20","0","0","0","0","0","20","0","0","0","-310","0","0","0","1049","1062","0","0","0","0","0","0","258"
"232238","996","749","20","0","0","0","0","0","20","0","0","0","-310","0","0","0","1045","1059","0","0","0","0","0","0","258"
"233238","996","712","20","0","0","0","0","0","20","0","0","0","-310","0","0","0","1045","1060","0","0","0","0","0","0","258"
"234238","996","636","19","0","0","0","0","0","19","0","0","0","-310","0","0","0","1043","1059","0","0","0","0","0","0","257"
"235238","996","2336","19","0","0","0","0","0","19","0","0","0","-310","0","0","0","1043","1057","0","0","0","0","0","0","258"
"236238","996","698","19","0","0","0","0","0","19","0","0","0","-310","0","0","0","1041","1059","0","0","0","0","0","0","257"
"237238","996","2078","19","0","0","0","0","0","19","0","0","0","-310","0","0","0","1040","1057","0","0","0","0","0","0","257"
"238238","996","32","19","0","0","0","0","0","19","0","0","0","-310","0","0","0","1041","1057","0","0","0","0","0","0","257"
"239238","996","183","18","0","0","0","0","0","18","0","0","0","-310","0","0","0","1041","1059","0","0","0","0","0","0","257"
"240238","996","328","18","0","0","0","0","0","18","0","0","0","-310","0","0","0","1045","1053","0","0","0","0","0","0","257"
"241238","996","1056","18","0","0","0","0","0","18","0","0","0","-310","0","0","0","1040","1051","0","0","0","0","0","0","257"
"242238","996","577","18","0","0","0","0","0","18","0","0","0","-310","0","0","0","1040","1055","0","0","0","0","0","0","256"
"243238","996","76","18","0","0","0","0","0","18","0","0","0","-310","0","0","0","1038","1051","0","0","0","0","0","0","256"
"244238","996","212","18","0","0","0","0","0","18","0","0","0","-310","0","0","0","1040","1049","0","0","0","0","0","0","256"
"245238","996","30","18","0","0","0","0","0","18","0","0","0","-310","0","0","0","1041","1051","0","0","0","0","0","0","256"
"246238","996","104","17","0","0","0","0","0","17","0","0","0","-310","0","0","0","1040","1049","0","0","0","0","0","0","256"
"247238","996","1899","17","0","0","0","0","0","17","0","0","0","-310","0","0","0","1040","1049","0","0","0","0","0","0","255"
"248238","996","85","17","0","0","0","0","0","17","0","0","0","-310","0","0","0","1036","1047","0","0","0","0","0","0","255"
"249238","996","1236","17","0","0","0","0","0","17","0","0","0","-310","0","0","0","1036","1047","0","0","0","0","0","0","255"
"250238","996","696","17","0","0","0","0","0","17","0","0","0","-310","0","0","0","1036","1043","0","0","0","0","0","0","255"
"251238","996","2161","17","0","0","0","0","0","17","0","0","0","-310","0","0","0","1032","1045","0","0","0","0","0","0","255"
"252261","996","1240","17","0","0","0","0","0","17","0","0","0","-310","0","0","0","1036","1045","0","0","0","0","0","0","254"
"253238","996","35","17","0","0","0","0","0","17","0","0","0","-310","0","0","0","1034","1045","0","0","0","0","0","0","254"
"254238","996","1127","16","0","0","0","0","0","16","0","0","0","-310","0","0","0","1030","1041","0","0","0","0","0","0","254"
"255238","996","1770","16","0","0","0","0","0","16","0","0","0","-310","0","0","0","1028","1043","0","0","0","0","0","0","254"
"256238","996","903","16","0","0","0","0","0","16","0","0","0","-310","0","0","0","1034","1041","0","0","0","0","0","0","254"
"257238","996","2357","16","0","0","0","0","0","16","0","0","0","-310","0","0","0","1034","1043","0","0","0","0","0","0","254"
"258238","996","2362","16","0","0","0","0","0","16","0","0","0","-310","0","0","0","1030","1036","0","0","0","0","0","0","254"
"259238","996","201","16","0","0","0","0","0","16","0","0","0","-310","0","0","0","1032","1040","0","0","0","0","0","0","253"
"260261","996","2412","16","0","0","0","0","0","16","0","0","0","-310","0","0","0","1034","1038","0","0","0","0","0","0","253"
"261238","996","1592","15","0","0","0","0","0","15","0","0","0","-310","0","0","0","1028","1038","0","0","0","0","0","0","253"
"262238","996","255","15","0","0","0","0","0","15","0","0","0","-310","0","0","0","1028","1036","0","0","0","0","0","0","253"
"263238","996","1591","15","0","0","0","0","0","15","0","0","0","-310","0","0","0","1028","1034","0","0","0","0","0","0","252"
"264238","996","1198","15","0","0","0","0","0","15","0","0","0","-310","0","0","0","1030","1034","0","0","0","0","0","0","252"
"265238","996","38","15","0","0","0","0","0","15","0","0","0","-310","0","0","0","1024","1036","0","0","0","0","0","0","251"
"266238","996","474","15","0","0","0","0","0","15","0","0","0","-310","0","0","0","1026","1028","0","0","0","0","0","0","251"
"267238","996","203","14","0","0","0","0","0","14","0","0","0","-310","0","0","0","1026","1030","0","0","0","0","0","0","251"
"268238","996","37","14","0","0","0","0","0","14","0","0","0","-310","0","0","0","1026","1030","0","0","0","0","0","0","251"
"269238","996","28","14","0","0","0","0","0","14","0","0","0","-310","0","0","0","1026","1030","0","0","0","0","0","0","251"
"270238","996","44","14","0","0","0","0","0","14","0","0","0","-310","0","0","0","1026","1028","0","0","0","0","0","0","250"
"271238","996","1266","14","0","0","0","0","0","14","0","0","0","-310","0","0","0","1028","1028","0","0","0","0","0","0","250"
"272238","996","22","14","0","0","0","0","0","14","0","0","0","-310","0","0","0","1024","1026","0","0","0","0","0","0","250"
"273238","996","798","14","0","0","0","0","0","14","0","0","0","-310","0","0","0","1026","1026","0","0","0","0","0","0","250"
"274238","996","1614","14","0","0","0","0","0","14","0","0","0","-310","0","0","0","1022","1022","0","0","0","0","0","0","249"
"275238","996","783","13","0","0","0","0","0","13","0","0","0","-310","0","0","0","1019","1024","0","0","0","0","0","0","248"
"276238","996","45","13","0","0","0","0","0","13","0","0","0","-310","0","0","0","1024","1024","0","0","0","0","0","0","248"
"277238","996","2474","13","0","0","0","0","0","13","0","0","0","-310","0","0","0","1020","1020","0","0","0","0","0","0","248"
"278238","996","1570","13","0","0","0","0","0","13","0","0","0","-310","0","0","0","1019","1019","0","0","0","0","0","0","248"
"279238","996","32","13","0","0","0","0","0","13","0","0","0","-310","0","0","0","1019","1017","0","0","0","0","0","0","247"
"280235","996","46","13","0","0","0","0","0","13","0","0","0","-310","0","0","0","1020","1019","0","0","0","0","0","0","247"
"281238","996","1730","12","0","0","0","0","0","12","0","0","0","-310","0","0","0","1020","1020","0","0","0","0","0","0","247"
"282238","996","1481","12","0","0","0","0","0","12","0","0","0","-310","0","0","0","1017","1017","0","0","0","0","0","0","246"
"283238","996","31","12","0","0","0","0","0","12","0","0","0","-310","0","0","0","1019","1015","0","0","0","0","0","0","247"
"284238","996","2230","12","0","0","0","0","0","12","0","0","0","-310","0","0","0","1019","1015","0","0","0","0","0","0","246"
"285261","996","25","12","0","0","0","0","0","12","0","0","0","-310","0","0","0","1017","1013","0","0","0","0","0","0","246"
"286238","996","1599","12","0","0","0","0","0","12","0","0","0","-310","0","0","0","1017","1011","0","0","0","0","0","0","246"
"287238","996","1181","12","0","0","0","0","0","12","0","0","0","-310","0","0","0","1015","1015","0","0","0","0","0","0","245"
"288238","996","45","12","0","0","0","0","0","12","0","0","0","-310","0","0","0","1017","1011","0","0","0","0","0","0","246"
"289238","996","176","12","0","0","0","0","0","12","0","0","0","-310","0","0","0","1015","1011","0","0","0","0","0","0","245"
"290238","996","175","11","0","0","0","0","0","11","0","0","0","-310","0","0","0","1017","1009","0","0","0","0","0","0","245"
"291245","996","2147","11","0","0","0","0","0","11","0","0","0","-310","0","0","0","1013","1011","0","0","0","0","0","0","244"
"292238","996","442","11","0","0","0","0","0","11","0","0","0","-310","0","0","0","1011","1009","0","0","0","0","0","0","244"
"293238","996","1914","11","0","0","0","0","0","11","0","0","0","-310","0","0","0","1007","1005","0","0","0","0","0","0","244"
"294238","996","2304","11","0","0","0","0","0","11","0","0","0","-310","0","0","0","1013","1003","0","0","0","0","0","0","244"
"295238","996","2445","11","0","0","0","0","0","11","0","0","0","-310","0","0","0","1013","1003","0","0","0","0","0","0","243"
"296238","996","1402","11","0","0","0","0","0","11","0","0","0","-310","0","0","0","1007","1003","0","0","0","0","0","0","243"
"297238","996","51","11","0","0","0","0","0","11","0","0","0","-310","0","0","0","1009","1001","0","0","0","0","0","0","243"
"298238","996","429","11","0","0","0","0","0","11","0","0","0","-310","0","0","0","1009","998","0","0","0","0","0","0","242"
"299238","996","1510","11","0","0","0","0","0","11","0","0","0","-310","0","0","0","1007","1000","0","0","0","0","0","0","242"
"300238","996","456","11","0","0","0","0","0","11","0","0","0","-310","0","0","0","1005","1001","0","0","0","0","0","0","242"
"301238","996","550","10","0","0","0","0","0","10","0","0","0","-310","0","0","0","1005","998","0","0","0","0","0","0","242"
"302235","996","47","10","0","0","0","0","0","10","0","0","0","-310","0","0","0","1007","998","0","0","0","0","0","0","242"
"303238","996","183","10","0","0","0","0","0","10","0","0","0","-310","0","0","0","1009","998","0","0","0","0","0","0","241"
"304238","996","25","10","0","0","0","0","0","10","0","0","0","-310","0","0","0","1005","994","0","0","0","0","0","0","241"
"305238","996","2451","10","0","0","0","0","0","10","0","0","0","-310","0","0","0","1005","994","0","0","0","0","0","0","241"
"306238","996","44","10","0","0","0","0","0","10","0","0","0","-310","0","0","0","1007","992","0","0","0","0","0","0","240"
"307238","996","23","10","0","0","0","0","0","10","0","0","0","-310","0","0","0","1001","994","0","0","0","0","0","0","239"
"308238","996","38","10","0","0","0","0","0","10","0","0","0","-310","0","0","0","1005","990","0","0","0","0","0","0","239"
"309238","996","1938","10","0","0","0","0","0","10","0","0","0","-310","0","0","0","1001","992","0","0","0","0","0","0","239"
"310238","996","67","10","0","0","0","0","0","10","0","0","0","-310","0","0","0","1003","992","0","0","0","0","0","0","238"
"311238","996","32","10","0","0","0","0","0","10","0","0","0","-310","0","0","0","1000","990","0","0","0","0","0","0","238"
"312238","996","2029","10","0","0","0","0","0","10","0","0","0","-310","0","0","0","1000","994","0","0","0","0","0","0","238"
"313238","996","200","9","0","0","0","0","0","9","0","0","0","-310","0","0","0","1000","981","0","0","0","0","0","0","238"
"314238","996","643","9","0","0","0","0","0","9","0","0","0","-310","0","0","0","1000","988","0","0","0","0","0","0","238"
"315238","996","693","9","0","0","0","0","0","9","0","0","0","-310","0","0","0","996","984","0","0","0","0","0","0","237"
"316238","996","1223","9","0","0","0","0","0","9","0","0","0","-310","0","0","0","994","984","0","0","0","0","0","0","236"
"317238","996","24","9","0","0","0","0","0","9","0","0","0","-310","0","0","0","996","981","0","0","0","0","0","0","236"
"318238","996","551","9","0","0","0","0","0","9","0","0","0","-310","0","0","0","992","983","0","0","0","0","0","0","235"
"319238","996","1323","9","0","0","0","0","0","9","0","0","0","-310","0","0","0","992","983","0","0","0","0","0","0","235"
"320238","996","118","9","0","0","0","0","0","9","0","0","0","-310","0","0","0","992","981","0","0","0","0","0","0","235"
"321238","996","98","9","0","0","0","0","0","9","0","0","0","-310","0","0","0","992","981","0","0","0","0","0","0","235"
"322238","996","1564","9","0","0","0","0","0","9","0","0","0","-310","0","0","0","988","977","0","0","0","0","0","0","234"
"323238","996","74","9","0","0","0","0","0","9","0","0","0","-310","0","0","0","988","975","0","0","0","0","0","0","234"
"324238","996","2070","9","0","0","0","0","0","9","0","0","0","-310","0","0","0","992","977","0","0","0","0","0","0","234"
"325238","996","44","9","0","0","0","0","0","9","0","0","0","-310","0","0","0","988","975","0","0","0","0","0","0","233"
"326238","996","110","8","0","0","0","0","0","8","0","0","0","-310","0","0","0","988","973","0","0","0","0","0","0","233"
"327238","996","1877","8","0","0","0","0","0","8","0","0","0","-310","0","0","0","984","977","0","0","0","0","0","0","233"
"328238","996","2339","9","0","0","0","0","0","9","0","0","0","-310","0","0","0","984","971","0","0","0","0","0","0","233"
"329238","996","31","8","0","0","0","0","0","8","0","0","0","-310","0","0","0","984","969","0","0","0","0","0","0","232"
"330238","996","1830","8","0","0","0","0","0","8","0","0","0","-310","0","0","0","986","971","0","0","0","0","0","0","231"
"331238","996","1182","8","0","0","0","0","0","8","0","0","0","-310","0","0","0","984","967","0","0","0","0","0","0","231"
"332238","996","242","8","0","0","0","0","0","8","0","0","0","-310","0","0","0","986","969","0","0","0","0","0","0","231"
"333238","996","31","8","0","0","0","0","0","8","0","0","0","-310","0","0","0","983","969","0","0","0","0","0","0","231"
"334238","996","2377","8","0","0","0","0","0","8","0","0","0","-310","0","0","0","981","967","0","0","0","0","0","0","230"
"335238","996","531","8","0","0","0","0","0","8","0","0","0","-310","0","0","0","983","966","0","0","0","0","0","0","229"
"336238","996","2390","8","0","0","0","0","0","8","0","0","0","-310","0","0","0","979","962","0","0","0","0","0","0","229"
"337238","996","27","8","0","0","0","0","0","8","0","0","0","-310","0","0","0","979","962","0","0","0","0","0","0","228"
"338238","996","1994","8","0","0","0","0","0","8","0","0","0","-310","0","0","0","981","962","0","0","0","0","0","0","227"
"339238","996","25","8","0","0","0","0","0","8","0","0","0","-310","0","0","0","977","964","0","0","0","0","0","0","228"
"340238","996","1270","8","0","0","0","0","0","8","0","0","0","-310","0","0","0","975","960","0","0","0","0","0","0","227"
"341238","996","711","8","0","0","0","0","0","8","0","0","0","-310","0","0","0","977","962","0","0","0","0","0","0","227"
"342238","996","713","7","0","0","0","0","0","7","0","0","0","-310","0","0","0","973","956","0","0","0","0","0","0","227"
"343238","996","725","7","0","0","0","0","0","7","0","0","0","-310","0","0","0","975","956","0","0","0","0","0","0","227"
"344238","996","2029","7","0","0","0","0","0","7","0","0","0","-310","0","0","0","975","958","0","0","0","0","0","0","226"
"345238","996","2521","7","0","0","0","0","0","7","0","0","0","-310","0","0","0","971","954","0","0","0","0","0","0","112"
"346238","996","113","7","0","0","0","0","0","7","0","0","0","-310","0","0","0","975","958","0","0","0","0","0","0","225"
"347235","996","82","7","0","0","0","0","0","7","0","0","0","-310","0","0","0","973","952","0","0","0","0","0","0","225"
"348238","996","2393","7","0","0","0","0","0","7","0","0","0","-310","0","0","0","969","952","0","0","0","0","0","0","224"
"349238","996","24","7","0","0","0","0","0","7","0","0","0","-310","0","0","0","967","950","0","0","0","0","0","0","224"
"350238","996","357","7","0","0","0","0","0","7","0","0","0","-310","0","0","0","969","950","0","0","0","0","0","0","223"
"351238","996","1073","7","0","0","0","0","0","7","0","0","0","-310","0","0","0","966","947","0","0","0","0","0","0","223"
"352238","996","2491","7","0","0","0","0","0","7","0","0","0","-310","0","0","0","967","950","0","0","0","0","0","0","223"
"353238","996","799","7","0","0","0","0","0","7","0","0","0","-310","0","0","0","971","950","0","0","0","0","0","0","223"
"354238","996","164","7","0","0","0","0","0","7","0","0","0","-310","0","0","0","967","945","0","0","0","0","0","0","222"
"355238","996","713","7","0","0","0","0","0","7","0","0","0","-310","0","0","0","964","945","0","0","0","0","0","0","222"
"356238","996","2386","7","0","0","0","0","0","7","0","0","0","-310","0","0","0","964","945","0","0","0","0","0","0","221"
"357238","996","77","7","0","0","0","0","0","7","0","0","0","-310","0","0","0","964","943","0","0","0","0","0","0","221"
"358238","996","139","7","0","0","0","0","0","7","0","0","0","-310","0","0","0","962","945","0","0","0","0","0","0","221"
"359238","996","163","7","0","0","0","0","0","7","0","0","0","-310","0","0","0","964","947","0","0","0","0","0","0","220"
"360238","996","141","7","0","0","0","0","0","7","0","0","0","-310","0","0","0","964","943","0","0","0","0","0","0","220"
"361238","996","216","7","0","0","0","0","0","7","0","0","0","-310","0","0","0","962","941","0","0","0","0","0","0","219"
"362238","996","1513","7","0","0","0","0","0","7","0","0","0","-310","0","0","0","958","937","0","0","0","0","0","0","219"
"363261","996","2121","6","0","0","0","0","0","6","0","0","0","-310","0","0","0","962","941","0","0","0","0","0","0","218"
"364238","996","78","7","0","0","0","0","0","7","0","0","0","-310","0","0","0","958","937","0","0","0","0","0","0","218"
"365238","996","230","7","0","0","0","0","0","7","0","0","0","-310","0","0","0","960","937","0","0","0","0","0","0","217"
"366238","996","49","6","0","0","0","0","0","6","0","0","0","-310","0","0","0","956","933","0","0","0","0","0","0","217"
"367238","996","40","6","0","0","0","0","0","6","0","0","0","-310","0","0","0","954","939","0","0","0","0","0","0","216"
"368238","996","1550","6","0","0","0","0","0","6","0","0","0","-310","0","0","0","954","933","0","0","0","0","0","0","216"
"369238","996","36","6","0","0","0","0","0","6","0","0","0","-310","0","0","0","949","933","0","0","0","0","0","0","216"
"370238","996","1253","6","0","0","0","0","0","6","0","0","0","-310","0","0","0","950","933","0","0","0","0","0","0","215"
"371238","996","2403","6","0","0","0","0","0","6","0","0","0","-310","0","0","0","947","932","0","0","0","0","0","0","215"
"372238","996","53","6","0","0","0","0","0","6","0","0","0","-310","0","0","0","950","932","0","0","0","0","0","0","214"
"373238","996","161","6","0","0","0","0","0","6","0","0","0","-310","0","0","0","950","930","0","0","0","0","0","0","214"
"374238","996","46","6","0","0","0","0","0","6","0","0","0","-310","0","0","0","947","928","0","0","0","0","0","0","213"
"375238","996","60","6","0","0","0","0","0","6","0","0","0","-310","0","0","0","947","928","0","0","0","0","0","0","213"
"376238","996","113","6","0","0","0","0","0","6","0","0","0","-310","0","0","0","945","926","0","0","0","0","0","0","213"
"377238","996","112","6","0","0","0","0","0","6","0","0","0","-310","0","0","0","945","926","0","0","0","0","0","0","212"
"378261","996","1762","6","0","0","0","0","0","6","0","0","0","-310","0","0","0","941","926","0","0","0","0","0","0","212"
"379238","996","306","6","0","0","0","0","0","6","0","0","0","-310","0","0","0","941","924","0","0","0","0","0","0","210"
"380238","996","154","6","0","0","0","0","0","6","0","0","0","-310","0","0","0","947","926","0","0","0","0","0","0","209"
"381238","996","505","6","0","0","0","0","0","6","0","0","0","-310","0","0","0","945","924","0","0","0","0","0","0","210"
"382238","996","94","6","0","0","0","0","0","6","0","0","0","-310","0","0","0","945","920","0","0","0","0","0","0","209"
"383238","996","1626","6","0","0","0","0","0","6","0","0","0","-310","0","0","0","941","918","0","0","0","0","0","0","209"
"384238","996","1754","6","0","0","0","0","0","6","0","0","0","-310","0","0","0","939","922","0","0","0","0","0","0","209"
"385238","996","33","6","0","0","0","0","0","6","0","0","0","-310","0","0","0","937","922","0","0","0","0","0","0","209"
"386238","996","41","6","0","0","0","0","0","6","0","0","0","-310","0","0","0","937","918","0","0","0","0","0","0","208"
"387238","996","434","6","0","0","0","0","0","6","0","0","0","-310","0","0","0","939","916","0","0","0","0","0","0","208"
"388238","996","115","6","0","0","0","0","0","6","0","0","0","-310","0","0","0","935","916","0","0","0","0","0","0","208"
"389238","996","959","6","0","0","0","0","0","6","0","0","0","-310","0","0","0","935","916","0","0","0","0","0","0","208"
"390238","996","135","6","0","0","0","0","0","6","0","0","0","-310","0","0","0","933","915","0","0","0","0","0","0","207"
"391238","996","1900","5","0","0","0","0","0","5","0","0","0","-310","0","0","0","933","916","0","0","0","0","0","0","207"
"392238","996","76","5","0","0","0","0","0","5","0","0","0","-310","0","0","0","932","915","0","0","0","0","0","0","206"
"393238","996","2420","5","0","0","0","0","0","5","0","0","0","-310","0","0","0","933","911","0","0","0","0","0","0","206"
"394238","996","42","5","0","0","0","0","0","5","0","0","0","-310","0","0","0","932","915","0","0","0","0","0","0","206"
"395238","996","107","5","0","0","0","0","0","5","0","0","0","-310","0","0","0","930","909","0","0","0","0","0","0","206"
"396238","996","373","5","0","0","0","0","0","5","0","0","0","-310","0","0","0","928","911","0","0","0","0","0","0","205"
"397238","996","1557","5","0","0","0","0","0","5","0","0","0","-310","0","0","0","924","911","0","0","0","0","0","0","204"
"398238","996","25","5","0","0","0","0","0","5","0","0","0","-310","0","0","0","926","907","0","0","0","0","0","0","204"
"399238","996","1631","5","0","0","0","0","0","5","0","0","0","-310","0","0","0","926","903","0","0","0","0","0","0","204"
"400238","996","65","5","0","0","0","0","0","5","0","0","0","-310","0","0","0","926","905","0","0","0","0","0","0","203"
"401238","996","74","5","0","0","0","0","0","5","0","0","0","-310","0","0","0","922","905","0","0","0","0","0","0","203"
"402238","996","22","5","0","0","0","0","0","5","0","0","0","-310","0","0","0","922","903","0","0","0","0","0","0","202"
"403238","996","26","5","0","0","0","0","0","5","0","0","0","-310","0","0","0","924","903","0","0","0","0","0","0","202"
"404238","996","1905","5","0","0","0","0","0","5","0","0","0","-310","0","0","0","924","901","0","0","0","0","0","0","202"
"405238","996","417","5","0","0","0","0","0","5","0","0","0","-310","0","0","0","918","901","0","0","0","0","0","0","201"
"406238","996","449","5","0","0","0","0","0","5","0","0","0","-310","0","0","0","918","898","0","0","0","0","0","0","201"
"407238","996","39","5","0","0","0","0","0","5","0","0","0","-310","0","0","0","920","898","0","0","0","0","0","0","200"
"408238","996","26","5","0","0","0","0","0","5","0","0","0","-310","0","0","0","913","900","0","0","0","0","0","0","200"
"409238","996","308","5","0","0","0","0","0","5","0","0","0","-310","0","0","0","918","900","0","0","0","0","0","0","199"
"410238","996","979","5","0","0","0","0","0","5","0","0","0","-310","0","0","0","915","900","0","0","0","0","0","0","112"
"411238","996","600","5","0","0","0","0","0","5","0","0","0","-310","0","0","0","916","898","0","0","0","0","0","0","197"
"412238","996","109","5","0","0","0","0","0","5","0","0","0","-310","0","0","0","913","898","0","0","0","0","0","0","199"
"413238","996","102","5","0","0","0","0","0","5","0","0","0","-310","0","0","0","913","894","0","0","0","0","0","0","198"
"414238","996","191","5","0","0","0","0","0","5","0","0","0","-310","0","0","0","909","896","0","0","0","0","0","0","198"
"415238","996","92","5","0","0","0","0","0","5","0","0","0","-310","0","0","0","911","892","0","0","0","0","0","0","198"
"416238","996","1077","5","0","0","0","0","0","5","0","0","0","-310","0","0","0","905","894","0","0","0","0","0","0","197"
"417238","996","24","5","0","0","0","0","0","5","0","0","0","-310","0","0","0","909","890","0","0","0","0","0","0","197"
"418238","996","93","5","0","0","0","0","0","5","0","0","0","-310","0","0","0","909","892","0","0","0","0","0","0","197"
"419238","996","1901","5","0","0","0","0","0","5","0","0","0","-310","0","0","0","905","890","0","0","0","0","0","0","196"
"420238","996","1571","5","0","0","0","0","0","5","0","0","0","-310","0","0","0","905","888","0","0","0","0","0","0","196"
"421238","996","2413","5","0","0","0","0","0","5","0","0","0","-310","0","0","0","905","888","0","0","0","0","0","0","196"
"422238","996","476","5","0","0","0","0","0","5","0","0","0","-310","0","0","0","905","890","0","0","0","0","0","0","195"
"423238","996","2265","5","0","0","0","0","0","5","0","0","0","-310","0","0","0","905","890","0","0","0","0","0","0","195"
"424238","996","2420","5","0","0","0","0","0","5","0","0","0","-310","0","0","0","903","884","0","0","0","0","0","0","195"
"425238","996","2318","5","0","0","0","0","0","5","0","0","0","-310","0","0","0","903","886","0","0","0","0","0","0","195"
"426238","996","34","5","0","0","0","0","0","5","0","0","0","-310","0","0","0","905","886","0","0","0","0","0","0","195"
"427238","996","53","5","0","0","0","0","0","5","0","0","0","-310","0","0","0","905","886","0","0","0","0","0","0","194"
"428238","996","22","5","0","0","0","0","0","5","0","0","0","-310","0","0","0","898","884","0","0","0","0","0","0","194"
"429238","996","131","5","0","0","0","0","0","5","0","0","0","-310","0","0","0","898","883","0","0","0","0","0","0","193"
"430238","996","42","5","0","0","0","0","0","5","0","0","0","-310","0","0","0","901","881","0","0","0","0","0","0","193"
"431245","996","117","4","0","0","0","0","0","4","0","0","0","-310","0","0","0","898","883","0","0","0","0","0","0","193"
"432238","996","279","5","0","0","0","0","0","5","0","0","0","-310","0","0","0","892","881","0","0","0","0","0","0","192"
"433238","996","1087","4","0","0","0","0","0","4","0","0","0","-310","0","0","0","896","877","0","0","0","0","0","0","193"
"434238","996","167","4","0","0","0","0","0","4","0","0","0","-310","0","0","0","894","875","0","0","0","0","0","0","192"
"435238","996","25","4","0","0","0","0","0","4","0","0","0","-310","0","0","0","892","875","0","0","0","0","0","0","192"
"436238","996","27","4","0","0","0","0","0","4","0","0","0","-310","0","0","0","894","875","0","0","0","0","0","0","192"
"437238","996","30","4","0","0","0","0","0","4","0","0","0","-310","0","0","0","890","877","0","0","0","0","0","0","192"
"438238","996","455","5","0","0","0","0","0","5","0","0","0","-310","0","0","0","892","873","0","0","0","0","0","0","191"
"439238","996","431","4","0","0","0","0","0","4","0","0","0","-310","0","0","0","890","873","0","0","0","0","0","0","190"
"440238","996","1460","4","0","0","0","0","0","4","0","0","0","-310","0","0","0","888","873","0","0","0","0","0","0","189"
"441238","996","45","4","0","0","0","0","0","4","0","0","0","-310","0","0","0","886","871","0","0","0","0","0","0","189"
"442238","996","1931","4","0","0","0","0","0","4","0","0","0","-310","0","0","0","890","866","0","0","0","0","0","0","189"
"443238","996","539","4","0","0","0","0","0","4","0","0","0","-310","0","0","0","888","869","0","0","0","0","0","0","188"
"444238","996","301","5","0","0","0","0","0","5","0","0","0","-310","0","0","0","886","866","0","0","0","0","0","0","188"
"445261","996","2027","4","0","0","0","0","0","4","0","0","0","-310","0","0","0","884","869","0","0","0","0","0","0","188"
"446245","996","1942","4","0","0","0","0","0","4","0","0","0","-310","0","0","0","886","866","0","0","0","0","0","0","188"
"447238","996","2300","4","0","0","0","0","0","4","0","0","0","-310","0","0","0","883","864","0","0","0","0","0","0","187"
"448238","996","39","4","0","0","0","0","0","4","0","0","0","-310","0","0","0","884","866","0","0","0","0","0","0","187"
"449238","996","2241","4","0","0","0","0","0","4","0","0","0","-310","0","0","0","883","864","0","0","0","0","0","0","187"
"450238","996","2031","4","0","0","0","0","0","4","0","0","0","-310","0","0","0","883","867","0","0","0","0","0","0","186"
"451261","996","815","4","0","0","0","0","0","4","0","0","0","-310","0","0","0","881","866","0","0","0","0","0","0","186"
"452238","996","1940","4","0","0","0","0","0","4","0","0","0","-310","0","0","0","877","862","0","0","0","0","0","0","185"
"453238","996","1229","4","0","0","0","0","0","4","0","0","0","-310","0","0","0","879","864","0","0","0","0","0","0","185"
"454238","996","64","4","0","0","0","0","0","4","0","0","0","-310","0","0","0","879","858","0","0","0","0","0","0","185"
"455238","996","2192","4","0","0","0","0","0","4","0","0","0","-310","0","0","0","879","860","0","0","0","0","0","0","185"
"456238","996","879","4","0","0","0","0","0","4","0","0","0","-310","0","0","0","875","858","0","0","0","0","0","0","184"
"457238","996","2483","4","0","0","0","0","0","4","0","0","0","-310","0","0","0","873","856","0","0","0","0","0","0","184"
"458238","996","135","4","0","0","0","0","0","4","0","0","0","-310","0","0","0","875","854","0","0","0","0","0","0","183"
"459238","996","1156","4","0","0","0","0","0","4","0","0","0","-310","0","0","0","873","854","0","0","0","0","0","0","183"
"460238","996","23","4","0","0","0","0","0","4","0","0","0","-310","0","0","0","871","850","0","0","0","0","0","0","183"
"461238","996","60","4","0","0","0","0","0","4","0","0","0","-310","0","0","0","871","852","0","0","0","0","0","0","182"
"462238","996","948","4","0","0","0","0","0","4","0","0","0","-310","0","0","0","867","856","0","0","0","0","0","0","182"
"463238","996","444","4","0","0","0","0","0","4","0","0","0","-310","0","0","0","869","849","0","0","0","0","0","0","182"
"464238","996","1584","4","0","0","0","0","0","4","0","0","0","-310","0","0","0","869","854","0","0","0","0","0","0","181"
"465238","996","1681","4","0","0","0","0","0","4","0","0","0","-310","0","0","0","869","849","0","0","0","0","0","0","181"
"466238","996","2352","4","0","0","0","0","0","4","0","0","0","-310","0","0","0","867","849","0","0","0","0","0","0","181"
"467238","996","26","4","0","0","0","0","0","4","0","0","0","-310","0","0","0","866","849","0","0","0","0","0","0","181"
"468238","996","1777","4","0","0","0","0","0","4","0","0","0","-310","0","0","0","864","847","0","0","0","0","0","0","180"
"469238","996","2254","4","0","0","0","0","0","4","0","0","0","-310","0","0","0","864","845","0","0","0","0","0","0","180"
"470238","996","2352","4","0","0","0","0","0","4","0","0","0","-310","0","0","0","867","849","0","0","0","0","0","0","179"
"471238","996","224","4","0","0","0","0","0","4","0","0","0","-310","0","0","0","862","845","0","0","0","0","0","0","179"
"472238","996","39","4","0","0","0","0","0","4","0","0","0","-310","0","0","0","860","843","0","0","0","0","0","0","179"
"473238","996","43","4","0","0","0","0","0","4","0","0","0","-310","0","0","0","862","849","0","0","0","0","0","0","178"
"474238","996","2346","4","0","0","0","0","0","4","0","0","0","-310","0","0","0","858","847","0","0","0","0","0","0","178"
"475238","996","1869","4","0","0","0","0","0","4","0","0","0","-310","0","0","0","862","845","0","0","0","0","0","0","178"
"476238","996","84","4","0","0","0","0","0","4","0","0","0","-310","0","0","0","858","843","0","0","0","0","0","0","178"
"477238","996","1731","4","0","0","0","0","0","4","0","0","0","-310","0","0","0","860","841","0","0","0","0","0","0","178"
"478238","996","300","4","0","0","0","0","0","4","0","0","0","-310","0","0","0","858","839","0","0","0","0","0","0","177"
"479238","996","255","4","0","0","0","0","0","4","0","0","0","-310","0","0","0","854","839","0","0","0","0","0","0","177"
"480238","996","308","4","0","0","0","0","0","4","0","0","0","-310","0","0","0","858","843","0","0","0","0","0","0","177"
"481238","996","46","4","0","0","0","0","0","4","0","0","0","-310","0","0","0","856","839","0","0","0","0","0","0","177"
"482238","996","1989","4","0","0","0","0","0","4","0","0","0","-310","0","0","0","854","843","0","0","0","0","0","0","176"
"483238","996","820","4","0","0","0","0","0","4","0","0","0","-310","0","0","0","856","837","0","0","0","0","0","0","176"
"484238","996","2427","4","0","0","0","0","0","4","0","0","0","-310","0","0","0","850","833","0","0","0","0","0","0","176"
"485238","996","216","4","0","0","0","0","0","4","0","0","0","-310","0","0","0","854","837","0","0","0","0","0","0","175"
"486238","996","1877","4","0","0","0","0","0","4","0","0","0","-310","0","0","0","852","837","0","0","0","0","0","0","175"
"487238","996","712","4","0","0","0","0","0","4","0","0","0","-310","0","0","0","850","835","0","0","0","0","0","0","174"
"488238","996","1971","4","0","0","0","0","0","4","0","0","0","-310","0","0","0","852","835","0","0","0","0","0","0","174"
"489238","996","174","4","0","0","0","0","0","4","0","0","0","-310","0","0","0","850","833","0","0","0","0","0","0","173"
"490261","996","1136","4","0","0","0","0","0","4","0","0","0","-310","0","0","0","849","832","0","0","0","0","0","0","173"
"491238","996","1858","4","0","0","0","0","0","4","0","0","0","-310","0","0","0","847","830","0","0","0","0","0","0","172"
"492238","996","43","4","0","0","0","0","0","4","0","0","0","-310","0","0","0","849","830","0","0","0","0","0","0","172"
"493261","996","1577","4","0","0","0","0","0","4","0","0","0","-310","0","0","0","845","826","0","0","0","0","0","0","171"
"494238","996","56","4","0","0","0","0","0","4","0","0","0","-310","0","0","0","845","828","0","0","0","0","0","0","171"
"495238","996","2403","4","0","0","0","0","0","4","0","0","0","-310","0","0","0","845","828","0","0","0","0","0","0","170"
"496238","996","1248","4","0","0","0","0","0","4","0","0","0","-310","0","0","0","841","828","0","0","0","0","0","0","170"
"497238","996","455","4","0","0","0","0","0","4","0","0","0","-310","0","0","0","843","824","0","0","0","0","0","0","170"
"498238","996","280","4","0","0","0","0","0","4","0","0","0","-310","0","0","0","845","826","0","0","0","0","0","0","170"
"499238","996","21","4","0","0","0","0","0","4","0","0","0","-310","0","0","0","841","822","0","0","0","0","0","0","170"
"500238","996","725","4","0","0","0","0","0","4","0","0","0","-310","0","0","0","843","820","0","0","0","0","0","0","169"
"501238","996","1542","4","0","0","0","0","0","4","0","0","0","-310","0","0","0","837","822","0","0","0","0","0","0","169"
"502238","996","220","4","0","0","0","0","0","4","0","0","0","-310","0","0","0","839","820","0","0","0","0","0","0","168"
"503238","996","67","4","0","0","0","0","0","4","0","0","0","-310","0","0","0","839","818","0","0","0","0","0","0","168"
"504238","996","1739","4","0","0","0","0","0","4","0","0","0","-310","0","0","0","839","822","0","0","0","0","0","0","168"
"505238","996","1504","4","0","0","0","0","0","4","0","0","0","-310","0","0","0","837","822","0","0","0","0","0","0","168"
"506238","996","317","4","0","0","0","0","0","4","0","0","0","-310","0","0","0","835","818","0","0","0","0","0","0","167"
"507238","996","77","4","0","0","0","0","0","4","0","0","0","-310","0","0","0","835","818","0","0","0","0","0","0","167"
"508261","996","1685","4","0","0","0","0","0","4","0","0","0","-310","0","0","0","833","818","0","0","0","0","0","0","167"
"509235","996","86","3","0","0","0","0","0","3","0","0","0","-310","0","0","0","832","816","0","0","0","0","0","0","167"
"510238","996","28","4","0","0","0","0","0","4","0","0","0","-310","0","0","0","830","815","0","0","0","0","0","0","166"
"511238","996","493","4","0","0","0","0","0","4","0","0","0","-310","0","0","0","832","816","0","0","0","0","0","0","166"
"512261","996","23","4","0","0","0","0","0","4","0","0","0","-310","0","0","0","833","815","0","0","0","0","0","0","166"
"513238","996","1672","4","0","0","0","0","0","4","0","0","0","-310","0","0","0","830","813","0","0","0","0","0","0","165"
"514238","996","86","4","0","0","0","0","0","4","0","0","0","-310","0","0","0","830","811","0","0","0","0","0","0","165"
"515238","996","253","3","0","0","0","0","0","3","0","0","0","-310","0","0","0","828","811","0","0","0","0","0","0","165"
"516238","996","796","3","0","0","0","0","0","3","0","0","0","-310","0","0","0","830","811","0","0","0","0","0","0","164"
"517238","996","31","4","0","0","0","0","0","4","0","0","0","-310","0","0","0","828","813","0","0","0","0","0","0","164"
"518238","996","1982","4","0","0","0","0","0","4","0","0","0","-310","0","0","0","824","809","0","0","0","0","0","0","164"
"519238","996","1268","3","0","0","0","0","0","3","0","0","0","-310","0","0","0","828","807","0","0","0","0","0","0","163"
"520238","996","29","3","0","0","0","0","0","3","0","0","0","-310","0","0","0","824","809","0","0","0","0","0","0","164"
"521238","996","844","4","0","0","0","0","0","4","0","0","0","-310","0","0","0","824","809","0","0","0","0","0","0","163"
"522238","996","1329","3","0","0","0","0","0","3","0","0","0","-310","0","0","0","824","809","0","0","0","0","0","0","163"
"523238","996","2213","3","0","0","0","0","0","3","0","0","0","-310","0","0","0","820","807","0","0","0","0","0","0","163"
"524238","996","59","3","0","0","0","0","0","3","0","0","0","-310","0","0","0","820","811","0","0","0","0","0","0","162"
"525238","996","38","3","0","0","0","0","0","3","0","0","0","-310","0","0","0","818","807","0","0","0","0","0","0","162"
"526238","996","913","3","0","0","0","0","0","3","0","0","0","-310","0","0","0","818","801","0","0","0","0","0","0","162"
"527238","996","2177","3","0","0","0","0","0","3","0","0","0","-310","0","0","0","822","801","0","0","0","0","0","0","161"
"528261","996","72","3","0","0","0","0","0","3","0","0","0","-310","0","0","0","820","800","0","0","0","0","0","0","161"
"529238","996","103","3","0","0","0","0","0","3","0","0","0","-310","0","0","0","818","803","0","0","0","0","0","0","161"
"530238","996","1491","3","0","0","0","0","0","3","0","0","0","-310","0","0","0","818","801","0","0","0","0","0","0","161"
"531238","996","929","3","0","0","0","0","0","3","0","0","0","-310","0","0","0","815","800","0","0","0","0","0","0","160"
"532238","996","373","3","0","0","0","0","0","3","0","0","0","-310","0","0","0","815","800","0","0","0","0","0","0","160"
"533238","996","909","3","0","0","0","0","0","3","0","0","0","-310","0","0","0","816","801","0","0","0","0","0","0","159"
"534238","996","116","3","0","0","0","0","0","3","0","0","0","-310","0","0","0","818","798","0","0","0","0","0","0","159"
"535238","996","222","3","0","0","0","0","0","3","0","0","0","-310","0","0","0","809","798","0","0","0","0","0","0","159"
"536238","996","1639","3","0","0","0","0","0","3","0","0","0","-310","0","0","0","815","800","0","0","0","0","0","0","159"
"537238","996","907","3","0","0","0","0","0","3","0","0","0","-310","0","0","0","815","796","0","0","0","0","0","0","158"
"538238","996","82","3","0","0","0","0","0","3","0","0","0","-310","0","0","0","809","794","0","0","0","0","0","0","158"
"539238","996","2535","3","0","0","0","0","0","3","0","0","0","-310","0","0","0","809","796","0","0","0","0","0","0","158"
"540238","996","452","3","0","0","0","0","0","3","0","0","0","-310","0","0","0","809","798","0","0","0","0","0","0","158"
"541238","996","1097","3","0","0","0","0","0","3","0","0","0","-310","0","0","0","813","794","0","0","0","0","0","0","157"
"542238","996","57","3","0","0","0","0","0","3","0","0","0","-310","0","0","0","811","794","0","0","0","0","0","0","157"
"543238","996","96","3","0","0","0","0","0","3","0","0","0","-310","0","0","0","809","790","0","0","0","0","0","0","157"
"544238","996","797","3","0","0","0","0","0","3","0","0","0","-310","0","0","0","807","790","0","0","0","0","0","0","157"
"545238","996","40","3","0","0","0","0","0","3","0","0","0","-310","0","0","0","805","786","0","0","0","0","0","0","156"
"546238","996","121","3","0","0","0","0","0","3","0","0","0","-310","0","0","0","805","790","0","0","0","0","0","0","156"
"547238","996","527","3","0","0","0","0","0","3","0","0","0","-310","0","0","0","805","788","0","0","0","0","0","0","156"
"548238","996","146","3","0","0","0","0","0","3","0","0","0","-310","0","0","0","803","786","0","0","0","0","0","0","156"
"549238","996","138","3","0","0","0","0","0","3","0","0","0","-310","0","0","0","801","790","0","0","0","0","0","0","155"
"550238","996","486","3","0","0","0","0","0","3","0","0","0","-310","0","0","0","805","784","0","0","0","0","0","0","155"
"551238","996","109","3","0","0","0","0","0","3","0","0","0","-310","0","0","0","803","788","0","0","0","0","0","0","155"
"552238","996","546","3","0","0","0","0","0","3","0","0","0","-310","0","0","0","803","790","0","0","0","0","0","0","155"
"553238","996","44","3","0","0","0","0","0","3","0","0","0","-310","0","0","0","801","781","0","0","0","0","0","0","154"
"554238","996","428","3","0","0","0","0","0","3","0","0","0","-310","0","0","0","800","784","0","0","0","0","0","0","154"
"555238","996","1363","3","0","0","0","0","0","3","0","0","0","-310","0","0","0","800","784","0","0","0","0","0","0","153"
"556238","996","456","3","0","0","0","0","0","3","0","0","0","-310","0","0","0","800","783","0","0","0","0","0","0","153"
"557238","996","881","3","0","0","0","0","0","3","0","0","0","-310","0","0","0","798","781","0","0","0","0","0","0","153"
"558238","996","432","3","0","0","0","0","0","3","0","0","0","-310","0","0","0","798","783","0","0","0","0","0","0","153"
"559238","996","1465","3","0","0","0","0","0","3","0","0","0","-310","0","0","0","794","781","0","0","0","0","0","0","153"
"560238","996","1852","3","0","0","0","0","0","3","0","0","0","-310","0","0","0","796","779","0","0","0","0","0","0","153"
"561238","996","589","3","0","0","0","0","0","3","0","0","0","-310","0","0","0","794","781","0","0","0","0","0","0","152"
"562238","996","1563","3","0","0","0","0","0","3","0","0","0","-310","0","0","0","792","779","0","0","0","0","0","0","152"
"563238","996","277","3","0","0","0","0","0","3","0","0","0","-310","0","0","0","792","775","0","0","0","0","0","0","152"
"564238","996","1533","3","0","0","0","0","0","3","0","0","0","-310","0","0","0","796","783","0","0","0","0","0","0","151"
"565238","996","1676","3","0","0","0","0","0","3","0","0","0","-310","0","0","0","794","777","0","0","0","0","0","0","151"
"566261","996","58","3","0","0","0","0","0","3","0","0","0","-310","0","0","0","790","779","0","0","0","0","0","0","151"
"567238","996","1337","3","0","0","0","0","0","3","0","0","0","-310","0","0","0","796","775","0","0","0","0","0","0","151"
"568238","996","1365","3","0","0","0","0","0","3","0","0","0","-310","0","0","0","790","775","0","0","0","0","0","0","151"
"569238","996","323","3","0","0","0","0","0","3","0","0","0","-310","0","0","0","792","775","0","0","0","0","0","0","150"
"570238","996","1997","3","0","0","0","0","0","3","0","0","0","-310","0","0","0","790","775","0","0","0","0","0","0","150"
"571238","996","22","3","0","0","0","0","0","3","0","0","0","-310","0","0","0","786","771","0","0","0","0","0","0","150"
"572238","996","608","3","0","0","0","0","0","3","0","0","0","-310","0","0","0","790","771","0","0","0","0","0","0","150"
"573238","996","392","3","0","0","0","0","0","3","0","0","0","-310","0","0","0","786","769","0","0","0","0","0","0","150"
"574261","996","1178","3","0","0","0","0","0","3","0","0","0","-310","0","0","0","786","769","0","0","0","0","0","0","149"
"575238","996","1004","3","0","0","0","0","0","3","0","0","0","-310","0","0","0","784","771","0","0","0","0","0","0","149"
"576261","996","28","3","0","0","0","0","0","3","0","0","0","-310","0","0","0","788","769","0","0","0","0","0","0","149"
"577238","996","51","3","0","0","0","0","0","3","0","0","0","-310","0","0","0","786","769","0","0","0","0","0","0","149"
"578238","996","2326","3","0","0","0","0","0","3","0","0","0","-310","0","0","0","784","771","0","0","0","0","0","0","149"
"579238","996","67","3","0","0","0","0","0","3","0","0","0","-310","0","0","0","783","767","0","0","0","0","0","0","148"
"580238","996","134","3","0","0","0","0","0","3","0","0","0","-310","0","0","0","783","767","0","0","0","0","0","0","148"
"581238","996","77","3","0","0","0","0","0","3","0","0","0","-310","0","0","0","781","767","0","0","0","0","0","0","148"
"582238","996","153","3","0","0","0","0","0","3","0","0","0","-310","0","0","0","781","767","0","0","0","0","0","0","147"
"583261","996","2291","3","0","0","0","0","0","3","0","0","0","-310","0","0","0","783","766","0","0","0","0","0","0","147"
"584238","996","231","3","0","0","0","0","0","3","0","0","0","-310","0","0","0","777","762","0","0","0","0","0","0","147"
"585238","996","51","3","0","0","0","0","0","3","0","0","0","-310","0","0","0","781","764","0","0","0","0","0","0","147"
"586238","996","58","3","0","0","0","0","0","3","0","0","0","-310","0","0","0","777","764","0","0","0","0","0","0","146"
"587238","996","2054","3","0","0","0","0","0","3","0","0","0","-310","0","0","0","777","764","0","0","0","0","0","0","146"
"588238","996","44","3","0","0","0","0","0","3","0","0","0","-310","0","0","0","777","760","0","0","0","0","0","0","146"
"589245","996","790","3","0","0","0","0","0","3","0","0","0","-310","0","0","0","775","762","0","0","0","0","0","0","112"
"590261","996","27","3","0","0","0","0","0","3","0","0","0","-310","0","0","0","777","760","0","0","0","0","0","0","135"
"591238","996","852","3","0","0","0","0","0","3","0","0","0","-310","0","0","0","775","758","0","0","0","0","0","0","145"
"592238","996","35","3","0","0","0","0","0","3","0","0","0","-310","0","0","0","775","756","0","0","0","0","0","0","145"
"593238","996","607","3","0","0","0","0","0","3","0","0","0","-310","0","0","0","775","758","0","0","0","0","0","0","145"
"594238","996","214","3","0","0","0","0","0","3","0","0","0","-310","0","0","0","773","758","0","0","0","0","0","0","145"
"595238","996","2182","3","0","0","0","0","0","3","0","0","0","-310","0","0","0","775","756","0","0","0","0","0","0","144"
"596238","996","29","3","0","0","0","0","0","3","0","0","0","-310","0","0","0","771","758","0","0","0","0","0","0","144"
"597238","996","1285","3","0","0","0","0","0","3","0","0","0","-310","0","0","0","766","754","0","0","0","0","0","0","143"
"598238","996","23","3","0","0","0","0","0","3","0","0","0","-310","0","0","0","769","756","0","0","0","0","0","0","143"
"599238","996","436","3","0","0","0","0","0","3","0","0","0","-310","0","0","0","773","756","0","0","0","0","0","0","143"
"600238","996","56","3","0","0","0","0","0","3","0","0","0","-310","0","0","0","769","754","0","0","0","0","0","0","143"
"601238","996","1749","3","0","0","0","0","0","3","0","0","0","-310","0","0","0","767","754","0","0","0","0","0","0","142"
"602238","996","941","3","0","0","0","0","0","3","0","0","0","-310","0","0","0","769","756","0","0","0","0","0","0","142"
"603238","996","2382","3","0","0","0","0","0","3","0","0","0","-310","0","0","0","766","752","0","0","0","0","0","0","142"
"604238","996","1265","3","0","0","0","0","0","3","0","0","0","-310","0","0","0","766","752","0","0","0","0","0","0","141"
"605238","996","208","3","0","0","0","0","0","3","0","0","0","-310","0","0","0","767","752","0","0","0","0","0","0","141"
"606238","996","1713","3","0","0","0","0","0","3","0","0","0","-310","0","0","0","767","750","0","0","0","0","0","0","141"
"607238","996","530","3","0","0","0","0","0","3","0","0","0","-310","0","0","0","764","745","0","0","0","0","0","0","141"
"608238","996","38","3","0","0","0","0","0","3","0","0","0","-310","0","0","0","767","750","0","0","0","0","0","0","140"
"609238","996","541","3","0","0","0","0","0","3","0","0","0","-310","0","0","0","766","749","0","0","0","0","0","0","140"
"610238","996","54","3","0","0","0","0","0","3","0","0","0","-310","0","0","0","760","750","0","0","0","0","0","0","140"
"611238","996","203","3","0","0","0","0","0","3","0","0","0","-310","0","0","0","764","749","0","0","0","0","0","0","140"
"612238","996","58","3","0","0","0","0","0","3","0","0","0","-310","0","0","0","762","749","0","0","0","0","0","0","139"
"613238","996","113","3","0","0","0","0","0","3","0","0","0","-310","0","0","0","760","743","0","0","0","0","0","0","139"
"614261","996","261","3","0","0","0","0","0","3","0","0","0","-310","0","0","0","760","743","0","0","0","0","0","0","139"
"615238","996","2054","3","0","0","0","0","0","3","0","0","0","-310","0","0","0","762","745","0","0","0","0","0","0","139"
"616261","996","2310","3","0","0","0","0","0","3","0","0","0","-310","0","0","0","760","743","0","0","0","0","0","0","138"
"617238","996","1697","3","0","0","0","0","0","3","0","0","0","-310","0","0","0","760","745","0","0","0","0","0","0","138"
"618238","996","2135","3","0","0","0","0","0","3","0","0","0","-310","0","0","0","760","739","0","0","0","0","0","0","138"
"619238","996","1809","3","0","0","0","0","0","3","0","0","0","-310","0","0","0","758","743","0","0","0","0","0","0","138"
"620238","996","37","3","0","0","0","0","0","3","0","0","0","-310","0","0","0","754","743","0","0","0","0","0","0","137"
"621238","996","227","3","0","0","0","0","0","3","0","0","0","-310","0","0","0","758","743","0","0","0","0","0","0","137"
"622235","996","1550","3","0","0","0","0","0","3","0","0","0","-310","0","0","0","754","743","0","0","0","0","0","0","137"
"623238","996","2193","3","0","0","0","0","0","3","0","0","0","-310","0","0","0","760","739","0","0","0","0","0","0","137"
"624238","996","2444","3","0","0","0","0","0","3","0","0","0","-310","0","0","0","758","743","0","0","0","0","0","0","137"
"625238","996","28","3","0","0","0","0","0","3","0","0","0","-310","0","0","0","754","739","0","0","0","0","0","0","136"
"626238","996","499","3","0","0","0","0","0","3","0","0","0","-310","0","0","0","754","737","0","0","0","0","0","0","136"
"627238","996","1650","3","0","0","0","0","0","3","0","0","0","-310","0","0","0","750","735","0","0","0","0","0","0","136"
"628238","996","129","3","0","0","0","0","0","3","0","0","0","-310","0","0","0","750","739","0","0","0","0","0","0","136"
"629238","996","127","3","0","0","0","0","0","3","0","0","0","-310","0","0","0","752","737","0","0","0","0","0","0","136"
"630261","996","1644","3","0","0","0","0","0","3","0","0","0","-310","0","0","0","754","735","0","0","0","0","0","0","136"
"631238","996","47","3","0","0","0","0","0","3","0","0","0","-310","0","0","0","750","735","0","0","0","0","0","0","136"
"632238","996","292","3","0","0","0","0","0","3","0","0","0","-310","0","0","0","750","733","0","0","0","0","0","0","136"
"633238","996","39","3","0","0","0","0","0","3","0","0","0","-310","0","0","0","750","733","0","0","0","0","0","0","135"
"634238","996","242","3","0","0","0","0","0","3","0","0","0","-310","0","0","0","749","735","0","0","0","0","0","0","135"
"635235","996","310","3","0","0","0","0","0","3","0","0","0","-310","0","0","0","747","733","0","0","0","0","0","0","135"
"636238","996","2495","3","0","0","0","0","0","3","0","0","0","-310","0","0","0","747","733","0","0","0","0","0","0","135"
"637238","996","93","3","0","0","0","0","0","3","0","0","0","-310","0","0","0","747","733","0","0","0","0","0","0","134"
"638238","996","398","3","0","0","0","0","0","3","0","0","0","-310","0","0","0","750","730","0","0","0","0","0","0","134"
"639238","996","2290","3","0","0","0","0","0","3","0","0","0","-310","0","0","0","749","730","0","0","0","0","0","0","134"
"640235","996","225","3","0","0","0","0","0","3","0","0","0","-310","0","0","0","745","732","0","0","0","0","0","0","134"
"641238","996","2272","3","0","0","0","0","0","3","0","0","0","-310","0","0","0","745","732","0","0","0","0","0","0","134"
"642245","996","2298","3","0","0","0","0","0","3","0","0","0","-310","0","0","0","745","730","0","0","0","0","0","0","134"
"643261","996","383","3","0","0","0","0","0","3","0","0","0","-310","0","0","0","743","728","0","0","0","0","0","0","133"
"644261","996","265","3","0","0","0","0","0","3","0","0","0","-310","0","0","0","745","726","0","0","0","0","0","0","133"
"645261","996","1919","3","0","0","0","0","0","3","0","0","0","-310","0","0","0","741","726","0","0","0","0","0","0","133"
"646238","996","71","3","0","0","0","0","0","3","0","0","0","-310","0","0","0","745","728","0","0","0","0","0","0","132"
"647261","996","363","3","0","0","0","0","0","3","0","0","0","-310","0","0","0","741","726","0","0","0","0","0","0","132"
"648238","996","2004","2","0","0","0","0","0","2","0","0","0","-310","0","0","0","737","726","0","0","0","0","0","0","132"
"649238","996","2360","3","0","0","0","0","0","3","0","0","0","-310","0","0","0","737","720","0","0","0","0","0","0","132"
"650238","996","2494","3","0","0","0","0","0","3","0","0","0","-310","0","0","0","737","724","0","0","0","0","0","0","132"
"651238","996","38","3","0","0","0","0","0","3","0","0","0","-310","0","0","0","739","726","0","0","0","0","0","0","132"
"652238","996","1688","3","0","0","0","0","0","3","0","0","0","-310","0","0","0","739","720","0","0","0","0","0","0","132"
"653238","996","391","3","0","0","0","0","0","3","0","0","0","-310","0","0","0","739","722","0","0","0","0","0","0","131"
"654238","996","202","3","0","0","0","0","0","3","0","0","0","-310","0","0","0","739","722","0","0","0","0","0","0","131"
"655238","996","2444","3","0","0","0","0","0","3","0","0","0","-310","0","0","0","733","722","0","0","0","0","0","0","130"
"656238","996","59","3","0","0","0","0","0","3","0","0","0","-310","0","0","0","735","718","0","0","0","0","0","0","131"
"657261","996","1662","3","0","0","0","0","0","3","0","0","0","-310","0","0","0","737","722","0","0","0","0","0","0","130"
"658238","996","368","3","0","0","0","0","0","3","0","0","0","-310","0","0","0","739","722","0","0","0","0","0","0","130"
"659238","996","146","3","0","0","0","0","0","3","0","0","0","-310","0","0","0","735","720","0","0","0","0","0","0","130"
"660238","996","25","2","0","0","0","0","0","2","0","0","0","-310","0","0","0","732","718","0","0","0","0","0","0","130"
"661238","996","1086","3","0","0","0","0","0","3","0","0","0","-310","0","0","0","735","722","0","0","0","0","0","0","130"
"662238","996","1003","3","0","0","0","0","0","3","0","0","0","-310","0","0","0","733","716","0","0","0","0","0","0","129"
"663238","996","2288","3","0","0","0","0","0","3","0","0","0","-310","0","0","0","735","718","0","0","0","0","0","0","129"
"664238","996","1676","3","0","0","0","0","0","3","0","0","0","-310","0","0","0","732","716","0","0","0","0","0","0","129"
"665238","996","2495","3","0","0","0","0","0","3","0","0","0","-310","0","0","0","730","716","0","0","0","0","0","0","129"
"666238","996","1680","2","0","0","0","0","0","2","0","0","0","-310","0","0","0","730","715","0","0","0","0","0","0","129"
"667238","996","185","3","0","0","0","0","0","3","0","0","0","-310","0","0","0","732","716","0","0","0","0","0","0","128"
"668238","996","1666","3","0","0","0","0","0","3","0","0","0","-310","0","0","0","733","711","0","0","0","0","0","0","128"
"669238","996","876","3","0","0","0","0","0","3","0","0","0","-310","0","0","0","730","711","0","0","0","0","0","0","128"
"670238","996","1359","3","0","0","0","0","0","3","0","0","0","-310","0","0","0","728","711","0","0","0","0","0","0","128"
"671238","996","1622","3","0","0","0","0","0","3","0","0","0","-310","0","0","0","728","711","0","0","0","0","0","0","128"
"672238","996","2435","2","0","0","0","0","0","2","0","0","0","-310","0","0","0","728","711","0","0","0","0","0","0","127"
"673238","996","877","3","0","0","0","0","0","3","0","0","0","-310","0","0","0","726","711","0","0","0","0","0","0","128"
"674238","996","21","3","0","0","0","0","0","3","0","0","0","-310","0","0","0","724","709","0","0","0","0","0","0","128"
"675238","996","2068","3","0","0","0","0","0","3","0","0","0","-310","0","0","0","726","711","0","0","0","0","0","0","128"
"676238","996","56","3","0","0","0","0","0","3","0","0","0","-310","0","0","0","726","707","0","0","0","0","0","0","128"
"677238","996","1644","3","0","0","0","0","0","3","0","0","0","-310","0","0","0","724","709","0","0","0","0","0","0","128"
"678238","996","35","3","0","0","0","0","0","3","0","0","0","-310","0","0","0","726","709","0","0","0","0","0","0","128"
"679238","996","2403","2","0","0","0","0","0","2","0","0","0","-310","0","0","0","722","709","0","0","0","0","0","0","127"
"680238","996","2061","3","0","0","0","0","0","3","0","0","0","-310","0","0","0","724","707","0","0","0","0","0","0","128"
"681245","996","58","3","0","0","0","0","0","3","0","0","0","-310","0","0","0","728","709","0","0","0","0","0","0","128"
"682238","996","43","3","0","0","0","0","0","3","0","0","0","-310","0","0","0","718","705","0","0","0","0","0","0","127"
"683261","996","2373","2","0","0","0","0","0","2","0","0","0","-310","0","0","0","718","705","0","0","0","0","0","0","127"
"684238","996","250","2","0","0","0","0","0","2","0","0","0","-310","0","0","0","720","703","0","0","0","0","0","0","127"
"685238","996","33","2","0","0","0","0","0","2","0","0","0","-310","0","0","0","720","701","0","0","0","0","0","0","127"
"686238","996","353","3","0","0","0","0","0","3","0","0","0","-310","0","0","0","718","707","0","0","0","0","0","0","126"
"687238","996","44","2","0","0","0","0","0","2","0","0","0","-310","0","0","0","718","703","0","0","0","0","0","0","126"
"688238","996","551","2","0","0","0","0","0","2","0","0","0","-310","0","0","0","718","705","0","0","0","0","0","0","126"
"689238","996","1977","2","0","0","0","0","0","2","0","0","0","-310","0","0","0","716","701","0","0","0","0","0","0","126"
"690238","996","110","2","0","0","0","0","0","2","0","0","0","-310","0","0","0","718","701","0","0","0","0","0","0","126"
"691238","996","180","2","0","0","0","0","0","2","0","0","0","-310","0","0","0","715","698","0","0","0","0","0","0","126"
"692238","996","2120","3","0","0","0","0","0","3","0","0","0","-310","0","0","0","713","701","0","0","0","0","0","0","125"
"693238","996","2125","2","0","0","0","0","0","2","0","0","0","-310","0","0","0","716","700","0","0","0","0","0","0","125"
"694238","996","673","2","0","0","0","0","0","2","0","0","0","-310","0","0","0","715","700","0","0","0","0","0","0","125"
"695261","996","2313","3","0","0","0","0","0","3","0","0","0","-310","0","0","0","711","696","0","0","0","0","0","0","125"
"696238","996","879","2","0","0","0","0","0","2","0","0","0","-310","0","0","0","715","696","0","0","0","0","0","0","125"
"697238","996","2103","2","0","0","0","0","0","2","0","0","0","-310","0","0","0","713","696","0","0","0","0","0","0","124"
"698238","996","2535","2","0","0","0","0","0","2","0","0","0","-310","0","0","0","711","698","0","0","0","0","0","0","123"
"699238","996","785","2","0","0","0","0","0","2","0","0","0","-310","0","0","0","713","700","0","0","0","0","0","0","123"
"700261","996","382","3","0","0","0","0","0","3","0","0","0","-310","0","0","0","711","690","0","0","0","0","0","0","123"
"701238","996","261","2","0","0","0","0","0","2","0","0","0","-310","0","0","0","711","696","0","0","0","0","0","0","123"
"702261","996","380","2","0","0","0","0","0","2","0","0","0","-310","0","0","0","713","696","0","0","0","0","0","0","122"
"703238","996","1923","2","0","0","0","0","0","2","0","0","0","-310","0","0","0","711","694","0","0","0","0","0","0","123"
"704238","996","39","3","0","0","0","0","0","3","0","0","0","-310","0","0","0","713","692","0","0","0","0","0","0","122"
"705238","996","53","2","0","0","0","0","0","2","0","0","0","-310","0","0","0","707","692","0","0","0","0","0","0","122"
"706238","996","2399","2","0","0","0","0","0","2","0","0","0","-310","0","0","0","707","690","0","0","0","0","0","0","122"
"707238","996","756","2","0","0","0","0","0","2","0","0","0","-310","0","0","0","709","696","0","0","0","0","0","0","122"
"708238","996","281","2","0","0","0","0","0","2","0","0","0","-310","0","0","0","707","688","0","0","0","0","0","0","122"
"709238","996","70","3","0","0","0","0","0","3","0","0","0","-310","0","0","0","707","690","0","0","0","0","0","0","122"
"710238","996","1113","2","0","0","0","0","0","2","0","0","0","-310","0","0","0","709","692","0","0","0","0","0","0","122"
"711238","996","2365","2","0","0","0","0","0","2","0","0","0","-310","0","0","0","709","690","0","0","0","0","0","0","121"
"712238","996","236","2","0","0","0","0","0","2","0","0","0","-310","0","0","0","709","688","0","0","0","0","0","0","121"
"713238","996","1482","2","0","0","0","0","0","2","0","0","0","-310","0","0","0","703","690","0","0","0","0","0","0","121"
"714238","996","1268","2","0","0","0","0","0","2","0","0","0","-310","0","0","0","705","686","0","0","0","0","0","0","121"
"715238","996","183","2","0","0","0","0","0","2","0","0","0","-310","0","0","0","701","686","0","0","0","0","0","0","120"
"716238","996","2532","2","0","0","0","0","0","2","0","0","0","-310","0","0","0","703","684","0","0","0","0","0","0","120"
"717238","996","23","3","0","0","0","0","0","3","0","0","0","-310","0","0","0","703","688","0","0","0","0","0","0","120"
"718238","996","135","2","0","0","0","0","0","2","0","0","0","-310","0","0","0","705","688","0","0","0","0","0","0","119"
"719238","996","322","2","0","0","0","0","0","2","0","0","0","-310","0","0","0","701","686","0","0","0","0","0","0","120"
"720238","996","105","2","0","0","0","0","0","2","0","0","0","-310","0","0","0","703","684","0","0","0","0","0","0","120"
"721238","996","2221","2","0","0","0","0","0","2","0","0","0","-310","0","0","0","698","683","0","0","0","0","0","0","120"
